Name,AC,HP,Int,Notes
Aboleth,17,135,9,
Abominable Yeti,15,137,10,
Acolyte,10,9,10,
Adult Black Dragon,19,195,14,
Adult Blue Dracolich,19,225,10,
Adult Blue Dragon,19,225,10,
Adult Brass Dragon,18,172,10,
Adult Bronze Dragon,19,212,10,
Adult Copper Dragon,18,184,12,
Adult Gold Dragon,19,256,14,
Adult Green Dragon,19,207,12,
Adult Red Dragon,19,256,10,
Adult Silver Dragon,19,243,10,
Adult White Dragon,18,200,10,
Aerisi Kalinoth,13,66,16,
Ahmaergo,18,143,15,
Air Elemental,15,90,20,
Air Elemental Myrmidon,18,117,14,
Allosaurus,13,51,13,
Ambush Drake,13,22,15,
Ammalia Cassalanter,12,45,14,
Ancient Black Dragon,22,367,14,
Ancient Blue Dragon,22,481,10,
Ancient Brass Dragon,20,297,10,
Ancient Bronze Dragon,22,444,10,
Ancient Copper Dragon,21,350,12,
Ancient Gold Dragon,22,546,14,
Ancient Green Dragon,21,385,12,
Ancient Red Dragon,22,546,10,
Ancient Silver Dragon,22,487,10,
Ancient White Dragon,20,333,10,
Androsphinx,17,199,10,
Animated Armor,18,33,11,
Ankheg,14,39,11,
Ankylosaurus,15,68,11,
Ape,12,19,14,
Apprentice Wizard,10,9,10,
Aquatic Elf,13,16,16,
Arcanaloth,17,104,12,
Archdruid,16,132,14,
Archmage,12,99,14,
Assassin,15,78,16,
Awakened Shrub,9,10,8,
Awakened Tree,13,59,6,
Axe Beak,11,19,12,
Azbara Jos,13,39,16,
Azer,17,39,12,
Baboon,12,3,14,
Badger,10,3,11,
Balloon Grenadier,14,33,16,
Balor,19,262,15,
Bandit,12,11,12,
Bandit Captain,15,65,16,
Banshee,12,58,14,
Barbed Devil,15,110,17,
Bard,15,44,14,
Barlgura,15,68,15,
Barnibus Blastwind,10,24,10,
Basilisk,15,52,8,
Bastian Thermandar,12,78,14,
Bat,12,1,15,
Bearded Devil,13,52,15,
Behir,17,168,16,
Beholder,18,180,14,
Beholder Zombie,15,93,8,
Berserker,13,67,12,
Black Bear,11,19,10,
Black Dragon Wyrmling,17,33,14,
Black Earth Guard,18,39,11,
Black Earth Priest,17,45,11,
Black Pudding,7,85,5,
Black Viper,16,84,18,
Blagothkus,17,138,13,
Blink Dog,13,22,17,
Blood Hawk,12,7,14,
Blue Dragon Wyrmling,17,52,10,
Blue Slaad,15,123,15,
Boar,11,11,11,
Boar Pit Fighter,15,58,16,
Bodyguard,15,65,16,
Bone Devil,19,142,16,
Bone Naga,15,58,16,
Bore Worm,18,247,7,
Brass Dragon Wyrmling,16,16,10,
Breex Vandermast,16,71,14,
Bronze Dragon Wyrmling,17,32,10,
Brown Bear,11,34,10,
Bugbear,16,27,14,
Bugbear Chief,17,65,14,
Bulette,17,94,11,
Bullywug,15,11,12,
Burrowshark,18,82,12,
Cambion,19,82,18,
Camel,9,15,8,
Captain Othelstan,19,93,10,
Carrion Crawler,13,51,13,
Cat,12,2,15,
Centaur,12,45,14,
Chain Devil,16,85,15,
Champion,18,143,15,
Chasme,15,84,15,
Chimera,14,114,11,
Chuul,16,93,10,
Clay Golem,14,133,9,
Cloak of Mulmaster,12,22,14,
Cloaker,14,78,15,
Cloud Giant,14,200,10,
Cockatrice,11,27,12,
Commoner,10,4,10,
Constrictor Snake,12,13,14,
Copper Dragon Wyrmling,16,22,12,
Couatl,19,97,20,
Crab,11,2,11,
Crawling Claw,12,2,14,
Crocodile,12,19,10,
Crushing Wave Priest,13,52,11,
Crushing Wave Reaver,14,22,14,
Cult Assassin,15,32,16,
Cult Fanatic,13,33,14,
Cultist,12,9,12,
Cyclops,14,138,11,
Dao,18,187,12,
Dark Tide Knight,13,58,16,
Darkmantle,11,22,12,
Davil Starsong,15,82,14,
Death Dog,12,39,14,
Death Knight,20,180,11,
Death Slaad,18,170,15,
Death Tyrant,19,187,14,
Deep Gnome (Svirfneblin),15,16,14,
Deer,13,4,16,
Demilich,20,80,20,
Derro,13,13,14,
Derro Savant,13,49,14,
Deva,17,136,18,
Dire Wolf,14,37,15,
Displacer Beast,13,85,15,
Djinni,17,161,15,
Doppelganger,14,52,18,
Doril Cir," Cultist""",13,1,
Draft Horse,10,19,10,
Dragon Turtle,20,341,10,
Dragonclaw,14,16,16,
Dragonfang,15,78,16,
Dragonsoul,16,110,18,
Dragonwing,14,33,16,
Dralmorrer Borngray,16,52,14,
Drannin Splithelm,18,93,10,
Dretch,11,18,11,
Drider,19,123,16,
Drow,15,13,14,
Drow Elite Warrior,18,71,18,
Drow Gunslinger,18,84,18,
Drow Mage,12,45,14,
Drow Priestess of Lolth,16,71,14,
Drow Spore Servant,15,13,14,
Druid,11,27,12,
Dryad,11,22,12,
Duergar,16,26,11,
Duergar Kavalrachni,16,26,11,
Duergar Spore Servant,16,26,11,
Duodrone,15,11,13,
Durnan,16,144,15,
Dust Mephit,12,17,14,
Eagle,12,3,15,
Earth Elemental,17,126,8,
Earth Elemental Myrmidon,18,127,10,
Efreeti,17,200,12,
Elemental Anchor,14,33,16,
Elephant,12,76,9,
Elizar Dryflagon,14,71,15,
Elk,10,13,10,
Empyrean,22,313,21,
Erinyes,18,153,16,
Eternal Flame Guardian,17,45,13,
Eternal Flame Priest,12,52,15,
Ettercap,13,44,15,
Ettin,12,85,8,
Evil Mage,12,22,14,
Evil Sorcerer,12,22,14,
Faerie Dragon (older),15,14,20,
Faerie Dragon (younger),15,14,20,
Farvnik the Venomous,17,58,12,
Fathomer,10,52,11,
Feathergale Knight,16,33,14,
Female Steeder,14,30,16,
Fire Elemental,13,102,17,
Fire Elemental Myrmidon,18,117,18,
Fire Giant,18,162,9,
Fire Giant Whelp,17,126,9,
Fire Snake,14,22,14,
Flameskull,13,40,17,
Flamewrath,12,105,14,
Flesh Golem,9,93,9,
Flumph,12,7,15,
Flying Snake,14,5,18,
Flying Sword,17,17,15,
Fomorian,14,149,10,
Frog,11,1,13,
Frost Giant,15,138,9,
Frulam Mondath,16,44,10,
Galeb Duhr,16,85,14,
Gar Shatterkeel,16,112,15,
Gargoyle,15,52,11,
Gas Spore,5,1,1,
Gazer,13,13,17,
Gelatinous Cube,6,84,3,
Ghald,15,102,17,
Ghast,13,36,17,
Ghost,11,45,13,
Ghoul,12,22,15,
Giant Ape,12,157,14,
Giant Badger,10,13,10,
Giant Bat,13,22,16,
Giant Boar,12,42,10,
Giant Centipede,13,4,14,
Giant Constrictor Snake,12,60,14,
Giant Crab,15,13,15,
Giant Crocodile,14,85,9,
Giant Eagle,13,26,17,
Giant Elk,14,42,16,
Giant Fire Beetle,13,4,10,
Giant Fly,11,19,13,
Giant Frog,11,18,13,
Giant Goat,11,19,11,
Giant Hyena,12,45,14,
Giant Lizard,12,19,12,
Giant Octopus,11,52,13,
Giant Owl,12,19,15,
Giant Poisonous Snake,14,11,18,
Giant Rat,12,7,15,
Giant Scorpion,15,52,13,
Giant Sea Horse,13,16,15,
Giant Shark,13,126,11,
Giant Spider,14,26,16,
Giant Toad,11,39,13,
Giant Vulture,10,22,10,
Giant Wasp,12,13,14,
Giant Weasel,13,9,16,
Giant Wolf Spider,13,11,16,
Gibbering Mouther,9,67,8,
Githyanki Gish,17,123,15,
Githyanki Knight,18,91,14,
Githyanki Warrior,17,49,14,
Githzerai Monk,14,38,15,
Githzerai Zerth,17,84,18,
Glabrezu,17,157,15,
Gladiator,16,112,15,
Gnoll,15,22,12,
Gnoll Fang of Teenoghu,14,65,15,
Gnoll Pack Lord,15,49,14,
Goat,10,4,10,
Goblin,15,7,14,
Goblin Boss,17,21,14,
Gold Dragon Wyrmling,17,60,14,
Gorgon,19,114,11,
Goristro,19,310,11,
Gray Ooze,8,22,6,
Gray Slaad,18,127,17,
Green Dragon Wyrmling,17,38,12,
Green Hag,17,82,12,
Green Slaad,16,127,15,
Grell,12,55,14,
Grick,14,27,14,
Grick Alpha,18,75,16,
Griffon,12,59,15,
Griffon Cavalry Rider,17,58,15,
Grimlock,11,11,12,
Guard,16,11,12,
Guard Drake,14,52,11,
Guardian Naga,18,127,18,
Guild Mage,11,22,14,
Gynosphinx,17,136,15,
Halaster Blackcloak,14,246,18,
Half-Dragon Ettin,12,85,8,
Half-Dragon Troll,15,84,13,
Half-Ogre,12,30,10,
Half-Red Dragon Veteran,18,65,13,
Harpy,11,38,13,
Hawk,13,1,16,
Hell Hound,15,45,12,
Hellenrae,16,78,18,
Helmed Horror,20,60,13,
Hezrou,16,136,17,
Hill Giant,13,105,8,
Hippogriff,11,19,13,
Hlam,22,137,24,
Hobgoblin,18,11,12,
Hobgoblin Captain,17,39,14,
Hobgoblin Warlord,20,97,14,
Homunculus,13,5,15,
Hook Horror,15,75,10,
Hook Horror Spore Servant,15,75,10,
Horned Devil,18,178,17,
Howling Hatred Initiate,13,9,15,
Howling Hatred Priest,15,45,16,
Hrabbaz,12,112,15,
Hunter Shark,12,45,13,
Hurricane,14,33,16,
Hydra,15,172,12,
Hyena,11,5,13,
Ice Devil,18,180,14,
Ice Mephit,11,21,13,
Ice Toad,12,32,10,
Imix,17,325,24,
Imp,13,10,17,
Intellect Devourer,12,21,14,
Invisible Stalker,14,104,19,
Iron Golem,20,210,9,
Istrid Horn,18,117,10,
Ixitxachitl,15,18,16,
Ixitxachitl Cleric,15,18,16,
Jackal,12,3,15,
Jackalwere,12,18,15,
Jalester Silvermane,18,71,14,
Jamna Gleamsilver,15,22,17,
Jarlaxle Baenre,24,123,22,
Jerall,"erer""",10,1,
Karsev the Drowner,18,33,10,
Kenku,13,13,16,
Keresta Delvingstone,16,144,18,
Killer Whale,12,90,10,
Knight,18,52,11,
Kobold,12,5,15,
Kraken,18,472,11,
Kuo-toa,13,18,10,
Kuo-toa Archpriest,13,97,14,
Kuo-toa Monitor,13,65,10,
Kuo-toa Whip,11,65,10,
Lacedon,12,22,15,
Laeral Silverhand,18,228,17,
Lamia,13,97,13,
Langdedrosa Cyanwrath,17,57,13,
Larva,9,9,9,
Lava Child,11,60,13,
Lemure,7,13,5,
Lich,17,135,16,
Lion,12,26,15,
Little Wing,15,52,16,
Living Unseen Servant,10,4,10,
Lizard,10,2,11,
Lizardfolk,15,22,10,
Lizardfolk King/Queen,15,78,12,
Lizardfolk Shaman,13,27,10,
Mage,12,40,14,
Magma Mephit,11,22,12,
Magmin,14,9,15,
Male Steeder,12,13,12,
Mammoth,13,126,9,
Manes,9,9,9,
Manshoon,19,126,14,
Manticore,14,68,16,
Marid,17,229,12,
Marilith,18,189,20,
Marlos Urnrayle,15,136,11,
Martial Arts Adept,16,60,17,
Mastiff,12,5,14,
Medusa,15,127,15,
Meira Faerenduil (Ghost),16,91,16,
Meloon Wardragon,18,143,15,
Merfolk,11,11,13,
Merrow,13,45,10,
Mezzoloth,18,75,11,
Mimic,12,58,12,
Mind Flayer,15,71,12,
Mind Flayer Arcanist,15,71,12,
Miner,12,11,12,
Minotaur,14,76,11,
Minotaur Skeleton,12,67,11,
Miraj Vizann,10,82,10,
Mirt,16,153,18,
Monodrone,15,5,13,
Mormesk the Wraith,13,45,16,
Mud Mephit,11,27,12,
Muiral,16,195,11,
Mule,10,11,10,
Mummy,11,58,8,
Mummy Lord,17,97,10,
Musanna,13,27,12,
Myconid Adult,12,22,10,
Myconid Sovereign,13,60,10,
Myconid Sprout,10,7,10,
Naergoth Bladelord,18,135,12,
Nalfeshnee,18,184,10,
Needle Blight,12,11,12,
Neothelid,16,325,7,
Neronvain,17,117,17,
Nezznar the Black Spider,11,27,13,
Night Hag,17,112,15,
Nightmare,13,68,15,
Nimblewright,18,45,18,
Noble,15,9,12,
Nothic,15,45,16,
Nycaloth,18,123,11,
Ochre Jelly,8,45,6,
Octopus,12,3,15,
Ogre,11,59,8,
Ogre Zombie,8,85,6,
Ogr�moch,20,526,11,
Olhydra,18,324,22,
One-Eyed Shiver,12,49,14,
Oni,16,110,11,
Orc,13,15,12,
Orc Eye of Gruumsh,16,45,12,
Orc War Chief,16,93,12,
Oreioth,11,39,13,
Orog,18,42,12,
Otyugh,14,114,11,
Owl,11,1,13,
Owlbear,13,59,12,
Panther,12,13,15,
Pegasus,12,59,15,
Pentadrone,16,32,14,
Peryton,13,33,12,
Pharblex Spattergoo,15,59,12,
Phase Spider,13,32,15,
Piercer,15,22,13,
Pit Fiend,19,300,14,
Pixie,15,1,20,
Planetar,19,200,20,
Plesiosaurus,13,68,15,
Poisonous Snake,13,2,16,
Polar Bear,12,42,10,
Poltergeist,12,22,14,
Pony,10,11,10,
Priest,13,27,10,
Pseudodragon,13,7,15,
Psychic Gray Ooze,8,22,6,
Pteranodon,13,13,15,
Purple Worm,18,247,7,
Quadrone,16,22,14,
Quaggoth,13,45,12,
Quaggoth Spore Servant,13,45,12,
Quaggoth Thonot,13,45,12,
Quasit,13,7,17,
Quipper,13,1,16,
Rakshasa,16,110,17,
Rat,10,1,11,
Rath Modar,13,71,16,
Raven,12,1,14,
Razerblast,17,112,11,
Red Dragon Wyrmling,17,75,10,
Red Plume Cavalry Officer,17,32,11,
Red Plume Patrol,16,27,10,
Red Slaad,14,93,12,
Redbrand Ruffian,14,16,14,
Reef Shark,12,22,13,
Remallia Haventree,12,66,14,
Remorhaz,17,195,13,
Remorhaz Hatchling,12,45,13,
Revenant,13,136,14,
Rezmir,13,90,16,
Rhinoceros,11,45,8,
Riding Horse,10,13,10,
Roc,15,248,10,
Roper,20,93,8,
Roth� Zombie,8,22,6,
Rug of Smothering,12,33,14,
Rust Monster,14,27,12,
Saber-Toothed Tiger,12,52,14,
Sacred Stone Monk,14,22,15,
Sahuagin,12,22,11,
Sahuagin Baron,16,76,15,
Sahuagin Priestess,12,33,11,
Salamander,15,90,14,
Satyr,14,31,16,
Scaladar,19,94,10,
Scarecrow,11,36,13,
Scorpion,11,1,11,
Scout,13,16,14,
Sea Hag,14,52,13,
Sea Horse,11,1,12,
Sergeant Kalugin,15,52,12,
Severin,16,150,13,
Shadow,12,16,14,
Shadow Assassin,14,78,19,
Shadow Demon,13,66,17,
Shambling Mound,15,136,8,
Shard of Ogr�moch,11,22,8,
Shield Guardian,17,142,8,
Shoalar Quanderil,10,60,12,
Shrieker,5,13,1,
Sildar Hallwinter,16,27,10,
Silver Dragon Wyrmling,17,45,10,
Skeemo Weirdbottle,12,72,14,
Skeleton,13,13,14,
Skyweaver,12,44,14,
Slaad Tadpole,12,10,15,
Smoke Mephit,12,22,14,
Solar,21,243,22,
Spectator,14,39,14,
Specter,12,22,14,
Spellcaster Vampire,16,144,18,
Spider,12,1,14,
Spined Devil,13,22,15,
Spirit Naga,15,75,17,
Sprite,15,2,18,
Spy,12,27,15,
Steam Mephit,10,21,11,
Stirge,14,2,16,
Stone Dwarf,15,67,16,
Stone Giant,17,126,15,
Stone Giant Shaman,17,126,15,
Stone Golem,17,178,9,
Stonemelder,17,75,10,
Storm Giant,16,230,14,
Stormgal," Leader""",12,6,
Succubus/Incubus,15,66,17,
Swarm of Bats,12,22,15,
Swarm of Beetles,12,22,13,
Swarm of Insects,12,22,13,
Swarm of Poisonous Snakes,14,36,18,
Swarm of Quippers,13,28,16,
Swarm of Rats,10,24,11,
Swarm of Ravens,12,24,14,
Swarm of Wasps,12,22,13,
Swashbuckler,17,66,18,
Talis the White,18,58,12,
Tarrasque,25,676,11,
Tashlyn Yafeera,18,149,15,
Three Crones,12,9,10,
Thri-kreen,15,33,15,
Thug,11,32,11,
Thurl Merosska,16,71,14,
Tiamat,25,615,10,
Tiger,12,37,15,
Treant,16,138,8,
Tribal Warrior,12,11,11,
Triceratops,13,95,9,
Tridrone,15,16,13,
Troglodyte,11,13,10,
Troll,15,84,13,
Twig Blight,13,4,13,
Tyrannosaurus Rex,13,136,10,
Ulitharid,15,127,12,
Ultroloth,19,153,16,
Umber Hulk,18,93,13,
Unicorn,12,67,14,
Vajra Safahr,14,126,14,
Vampire,16,144,18,
Vampire Spawn,15,82,16,
Vampiric Ixitxachitl,16,44,18,
Vampiric Ixitxachitl Cleric,16,44,18,
Vanifer,15,112,16,
Veteran,17,58,13,
Victoro Cassalanter,15,97,13,
Vine Blight,12,26,8,
Violet Fungus,5,18,1,
Volothamp �Volo� Geddarm,11,31,12,
Vrock,15,104,15,
Vulture,10,5,10,
Walking Statue of Waterdeep,17,314,8,
Warhorse,11,19,12,
Warhorse Skeleton,13,22,12,
Warrior Vampire,18,144,18,
Water Elemental,14,114,14,
Water Elemental Myrmidon,18,127,14,
Water Weird,13,58,16,
Weasel,13,1,16,
Werebat,13,24,17,
Werebear,11,135,10,
Wereboar,11,78,10,
Wererat,12,33,15,
Weretiger,12,120,15,
Werewolf,12,58,13,
White Dragon Wyrmling,16,32,10,
Wiggan Nettlebee,11,36,12,
Wight,14,45,14,
Will-o'-Wisp,19,22,28,
Windharrow,15,55,16,
Winged Kobold,13,7,16,
Winter Wolf,13,75,13,
Wolf,13,11,15,
Worg,13,26,13,
Wraith,13,67,16,
Wyvern,13,110,10,
Xaxan Thavish,12,22,14,
Xorn,19,73,10,
Yan-C-Bin,22,283,24,
Yeti,12,51,13,
Yochlol,15,136,14,
Young Black Dragon,18,127,14,
Young Blue Dragon,18,152,10,
Young Brass Dragon,17,110,10,
Young Bronze Dragon,18,142,10,
Young Copper Dragon,17,119,12,
Young Gold Dragon,18,178,14,
Young Green Dragon,18,136,12,
Young Purple Worm,14,93,13,
Young Red Dragon,18,178,10,
Young Red Shadow Dragon,18,178,10,
Young Remorhaz,14,93,13,
Young Silver Dragon,18,168,10,
Young White Dragon,17,133,10,
Yuan-Ti Abomination,15,127,16,
Yuan-Ti Malison,12,66,14,
Yuan-Ti Pureblood,11,40,12,
Ziraj the Hunter,17,153,18,
Zombie,8,22,6,
Zorak Lightdrinker,18,144,18,
Aapoph Serpentfolk,18,60,8,
Aasimar Redeemer,23,73,11,
Abandoned Zealot,22,75,14,
Abrikandilu,19,70,10,
Accursed Forge-Spurned,37,285,26,
Adachros,34,225,22,
Adamantine Golem,42,255,26,
Adhukait,25,130,15,
Adlet,30,180,18,
Adrivallo,28,210,16,
Adult Black Dragon,31,215,22,
Adult Blue Dragon,34,260,24,
Adult Brass Dragon,31,215,21,
Adult Brine Dragon,33,222,23,
Adult Bronze Dragon,34,260,23,
Adult Cloud Dragon,36,254,28,
Adult Copper Dragon,33,235,23,
Adult Crystal Dragon,33,185,20,
Adult Forest Dragon,36,290,25,
Adult Gold Dragon,38,330,29,
Adult Green Dragon,34,215,22,
Adult Magma Dragon,34,270,23,
Adult Red Dragon,37,305,26,
Adult Sea Dragon,33,225,21,
Adult Silver Dragon,37,295,26,
Adult Sky Dragon,34,235,24,
Adult Sovereign Dragon,37,275,29,
Adult Umbral Dragon,37,275,29,
Adult Underworld Dragon,31,195,20,
Adult White Dragon,29,215,20,
Aeolaeka (Stone Azata),33,250,23,
Afziaka Brute,23,120,12,
Afziaka Stalker,32,250,22,
Agai,28,155,19,
Aghash,19,75,12,
Agradaemon,45,400,31,
Ahuizotl,23,105,13,
Ahvothian,25,160,18,
Aigamuxa,27,140,19,
Ainamuuren,33,259,25,
Air Mephit,16,12,3,
Air Wisp,18,10,6,
Aiudara Wraith,45,300,33,
Akata,16,15,6,
Akizendri,19,42,8,
Akrida,21,60,10,
Akuzhail,29,195,21,
Alapolo,41,310,28,
Alasen,36,245,26,
Alate Ant,39,295,28,
Albino Giant Bat,22,72,15,
Alchemical Golem,27,150,15,
Algea,30,144,22,
Alghollthu Master,23,135,17,
Aliriel,37,210,27,
Aluum Enforcer,30,145,17,
Amalgamite,33,220,23,
Ammut,41,350,33,
Amoeba Swarm,9,35,3,
Amphisbaena,21,70,10,
Anadi Elder,23,95,15,
Anadi Fateweaver,21,75,14,
Anadi Hunter,17,27,9,
Anadi Lurker,19,45,11,
Anadi Sage,20,58,12,
Anadi Seeker,15,20,7,
Anancus,25,170,16,
Ancient Black Dragon,39,325,30,
Ancient Blue Dragon,42,370,31,
Ancient Brass Dragon,39,325,30,
Ancient Brine Dragon,40,330,32,
Ancient Bronze Dragon,43,360,32,
Ancient Cloud Dragon,44,355,34,
Ancient Copper Dragon,41,345,30,
Ancient Crystal Dragon,42,275,28,
Ancient Forest Dragon,44,410,33,
Ancient Gold Dragon,46,450,36,
Ancient Green Dragon,41,315,30,
Ancient Magma Dragon,42,390,33,
Ancient Red Dragon,45,425,35,
Ancient Rivener,35,280,25,
Ancient Sea Dragon,41,350,30,
Ancient Silver Dragon,45,410,32,
Ancient Skaveling,37,270,29,
Ancient Sky Dragon,42,335,32,
Ancient Sovereign Dragon,46,410,36,
Ancient Umbral Dragon,45,375,36,
Ancient Underworld Dragon,39,295,28,
Ancient White Dragon,36,330,30,
Ancient Wisp,33,130,22,
Android Infiltrator,18,28,6,
Angazhani,26,180,18,
Angheuvore Flesh-Gnawer,18,30,7,
Angoyang,35,250,25,
Animate Dream,24,110,14,
Animated Armor,17,20,6,
Animated Blades,16,4,3,
Animated Broom,16,6,3,
Animated Colossus,39,245,23,
Animated Dragonstorms,42,255,30,
Animated Fireplace,24,65,9,
Animated Furnace,30,135,15,
Animated Silverware Swarm,16,14,5,
Animated Statue,19,35,9,
Animated Tea Cart,28,120,13,
Animated Trebuchet,36,200,21,
Ankhrav,20,40,7,
Ankou,36,280,25,
Ankou Assassin,40,333,30,
Ankylosaurus,26,90,12,
Annis Hag,24,85,15,
Anugobu Apprentice,17,35,12,
Anugobu Wondercrafter,23,90,18,
Aolaz,42,255,33,
Aphorite Sharpshooter,21,60,8,
Ararda,43,280,31,
Arbiter,16,22,7,
Arboreal Archive,33,230,25,
Arboreal Reaper,25,130,15,
Arboreal Regent,26,150,18,
Arboreal Snag,19,45,8,
Arboreal Tar Tree,28,175,18,
Arboreal Warden,20,75,11,
Arcane Living Rune,34,245,25,
Army Ant Swarm,21,55,11,
Arskuva The Gnasher,31,270,22,
Asanbosam,24,95,17,
Assassin Vine,18,68,10,
Astradaemon,39,240,28,
Astral Deva,36,285,26,
Athach,33,250,22,
Attic Whisperer,21,60,10,
Augnagar,36,225,27,
Augur,17,14,8,
Aukashungi Swarm,28,210,18,
Aurumvorax,28,170,18,
Avarek,26,150,16,
Avatar Of The Lantern King,54,500,39,
Avatar Of Walkena,40,380,29,
Awakened Tree,22,100,13,
Axiomite,26,155,19,
Azarketi Explorer,18,30,8,
Azer,17,45,8,
Azmakian Effigy,25,110,15,
Azure Worm,35,320,22,
Azuretzi,22,75,11,
Ba'aupa Mdoudu,33,245,23,
Baatamidar,42,350,39,
Babau,24,130,13,
Baccali Alpaca,14,16,4,
Badger,16,15,6,
Balisse,26,145,18,
Ball Python,16,20,6,
Balor,45,480,36,
Banshee,39,250,32,
Baobhan Sith,24,105,12,
Baomal,48,315,34,
Barbazu,22,60,13,
Barbtongued Wyvern,42,330,29,
Barghest,21,50,12,
Bargott,18,70,9,
Barking Stag,34,245,28,
Barnacle Ghoul,28,155,17,
Basidirond,22,80,8,
Basilisk,22,75,11,
Bastion Archon,47,280,37,
Bauble Beast,23,100,13,
Baykok,27,200,19,
Beaver,15,8,6,
Bebilith,30,200,21,
Beetle Carapace,25,90,12,
Behemoth Hippopotamus,29,190,19,
Behir,27,140,17,
Belker,25,78,14,
Belmazog,28,145,18,
Benthic Reaver,46,500,41,
Berberoka,36,310,26,
Betobeto-San,33,170,22,
Bharlen Sajor,32,190,21,
Bhuta,30,175,22,
Bida,27,135,15,
Biloko Reaver,29,175,19,
Biloko Veteran,21,58,11,
Biloko Warrior,16,19,7,
Binumir,19,25,10,
Bishop Keppira D'bear,31,150,20,
Bison,20,70,8,
Black Bear,18,32,8,
Black Pudding,14,165,9,
Black Scorpion,38,275,27,
Blindheim,18,27,9,
Blink Dog,18,30,8,
Blizzardborn,24,105,14,
Blodeuwedd,24,105,14,
Blood Boar,23,98,15,
Blood Hag,26,170,17,
Blood Ooze,12,90,8,
Blood Painter,27,155,19,
Blood Wolf,18,50,9,
Bloodlash Bush,16,35,6,
Bloodseeker,16,6,6,
Bloodshroud,33,210,23,
Bloom Cultist,22,75,13,
Bloom Of Lamashtu,27,210,21,
Bloom Wyvern,27,135,16,
Bloomborn Athach,40,375,31,
Blue-Ringed Octopus,16,15,6,
Boar,18,30,8,
Bodak,27,160,17,
Bog Mummy,21,85,12,
Bog Mummy Amalgamation,27,160,18,
Bog Mummy Cultist,28,135,19,
Bog Strider,18,30,8,
Bogey,20,35,9,
Bogeyman,30,175,19,
Boggard Cultist,27,135,16,
Boggard Hunter,24,140,14,
Boggard Scout,16,24,7,
Boggard Swampseer,18,40,11,
Boggard Warden,28,160,19,
Boggard Warrior,17,38,8,
Bone Croupier,22,50,11,
Bone Prophet,27,115,15,
Bone Ship,42,415,32,
Bone Skipper Swarm,24,120,17,
Bone Warrior,21,65,11,
Bore Worm Swarm,20,60,12,
Bottlenose Dolphin,15,16,7,
Brain Collector,26,140,18,
Brainchild,30,200,18,
Bralani,24,120,14,
Bramble Champion Construct,20,45,10,
Bregdi,27,180,18,
Bright Walker,26,115,19,
Brimorak,22,80,12,
Brine Shark,19,45,8,
Brontosaurus,28,220,16,
Brood Leech Swarm,19,40,9,
Brownie,16,25,7,
Brughadatch,30,210,19,
Brush Thylacine,18,30,8,
Bugaboo,24,95,14,
Bugbear Thug,17,34,7,
Bugbear Tormentor,20,44,8,
Bugul Noz,31,200,23,
Bul-Gae,33,255,26,
Bulette,30,120,16,
Bunyip,19,45,10,
Buso,18,48,8,
Bythos,39,245,30,
Cacodaemon,16,22,6,
Cactus Leshy,18,30,9,
Cadaverous Rake,27,125,16,
Cairn Linnorm,43,360,30,
Cairn Wight,20,67,11,
Calathgar,21,75,10,
Calcifda,31,140,21,
Caligni Caller,24,70,11,
Caligni Creeper,19,30,8,
Caligni Dancer,17,18,6,
Caligni Slayer,19,45,8,
Caligni Stalker,21,60,10,
Caligni Vanguard,24,50,13,
Calikang,31,235,22,
Camarach,40,320,27,
Camel,15,20,4,
Candlaron's Echo,46,315,35,
Canopy Elder,42,445,32,
Carbuncle,16,20,7,
Carnivorous Blob,20,300,23,
Carnivorous Crystal,20,300,15,
Carrion Golem,19,60,6,
Cassisian,18,20,6,
Castoroides,19,45,10,
Cat Sith,23,110,14,
Cataclysm Beetle,44,340,30,
Catfolk Pouncer,17,19,6,
Catoblepas,33,215,22,
Catrina,22,75,13,
Caulborn,24,105,18,
Caustic Monitor,34,235,22,
Cauthooj,33,215,22,
Cave Bear,24,95,13,
Cave Fisher,18,30,7,
Cave Giant,23,110,15,
Cave Scorpion,16,20,7,
Cavern Troll,22,135,14,
Cavnakash,22,83,12,
Cecaelia Trapper,24,53,11,
Centaur,20,40,9,
Centaur Scout,22,75,13,
Centipede Swarm,18,30,9,
Cephal Lorentus,28,140,18,
Ceustodaemon,23,130,14,
Chakanaj,36,300,25,
Changeling Exile,19,45,11,
Charau-ka,18,18,6,
Charau-ka Acolyte of Angazhan,19,45,8,
Charau-ka Butcher,21,95,13,
Charau-ka Dragon Priest,23,90,15,
Charau-ka Warrior,16,20,6,
Charghar,20,35,12,
Chattering Jaws,13,8,3,
Chernobue,33,220,25,
Chew Spider,18,22,6,
Child of Urgathoa,27,165,18,
Children Of Mhar,42,420,30,
Chimera,27,135,16,
Chimeric Manticore,25,120,15,
Chimpanzee Visitant,18,55,9,
Choker,18,28,7,
Choral,24,100,14,
Chouchin-Obake,24,75,15,
Chromatic Ooze,28,550,30,
Chupacabra,20,45,9,
Chuul,28,100,15,
Chyzaedu,30,135,21,
Cinder Rat,18,45,9,
City Guard Squadron,22,75,12,
Clacking Skull Swarm,29,120,18,
Claws Of Time,30,150,21,
Clay Golem,29,175,16,
Cleansed Cultist,24,100,12,
Cloaker,22,80,12,
Clockwork Amalgam,43,455,36,
Clockwork Assassin,34,230,23,
Clockwork Brewer,18,40,8,
Clockwork Buccaneer,28,140,18,
Clockwork Cannoneer,38,250,25,
Clockwork Clock Tower,48,325,34,
Clockwork Disposer,21,70,13,
Clockwork Door Warden,20,50,12,
Clockwork Dragon,39,265,28,
Clockwork Fabricator,19,50,8,
Clockwork Gunner,26,100,16,
Clockwork Handler,16,16,8,
Clockwork Hunter,18,12,7,
Clockwork Mage,27,115,17,
Clockwork Puppeteer,33,205,20,
Clockwork Rifler,24,80,16,
Clockwork Shambler Horde,25,240,14,
Clockwork Soldier,24,80,16,
Clockwork Sphinx,26,130,19,
Clockwork Spy,17,8,8,
Cloud Giant,30,220,22,
Cloudsplitter,42,335,32,
Cobblebone Swarm,19,30,9,
Cobbleswarm,16,20,9,
Cockatrice,19,45,8,
Cockroach Swarm,18,20,6,
Cocoon Of Lucid Potential,33,290,26,
Coil Spy,22,48,10,
Combusted,19,65,6,
Common Eurypterid,15,9,2,
Compsognathus,15,8,5,
Conqueror Worm,46,460,37,
Consonite Choir,32,200,23,
Contemplative,19,32,8,
Contemplative Meditant,38,275,29,
Contemplative Mentor,44,335,31,
Convergent Giant Eagle,37,290,29,
Coral Capuchin,16,20,8,
Cornugon,38,300,28,
Corpselight,17,40,7,
Corpseroot,30,225,18,
Corrosive Lizard,18,30,7,
Corrupted Relic,19,50,9,
Counteflora,29,220,18,
Crag Linnorm,37,270,26,
Cranium Preserver,28,220,19,
Crawling Hand,12,8,5,
Crawling Hand Swarm,21,60,11,
Crawling Slurry,30,300,26,
Creeping Crone,30,210,21,
Crimson Worm,40,410,25,
Crocodile,18,30,7,
Crossroads Guardian,25,115,19,
Crucidaemon,38,225,26,
Cu Sith,24,140,16,
Cuetzmonquali,40,360,32,
Culdewen,25,105,15,
Cunning Guide,16,14,9,
Cursed Guardian,21,58,8,
Cursed King,29,210,20,
Cyclops,21,80,12,
Cyclops Bully,28,155,17,
Cyclops Zombie,21,160,8,
Cythnigot,16,14,5,
D'ziriak,19,45,10,
Daelum,21,76,11,
Daeodon,21,60,12,
Dalos,34,240,23,
Damibwa,21,62,12,
Danava Titan,49,470,41,
Dancing Night Parade,40,450,28,
Dandasuka,23,60,12,
Daqqanoenyent,28,170,17,
Darg,33,250,20,
Dark Naga,27,115,15,
Darkmantle,15,20,6,
Davik Nettles,19,70,10,
Deadly Mantis,31,220,20,
Death Coach,35,228,26,
Death Drider,34,235,24,
Deathless Acolyte of Urgathoa,17,36,9,
Deathless Hierophant of Urgathoa,23,87,15,
Decrepit Mummy,17,40,10,
Deculi,33,215,23,
Deep Gnome Rockwarden,22,63,14,
Deep Gnome Scout,17,18,7,
Deep Gnome Warrior,18,34,7,
Deepwater Dhuthorex,28,155,18,
Defaced Naiad Queen,38,230,28,
Deimavigga,40,285,32,
Deinonychus,19,30,7,
Deinosuchus,26,175,17,
Demilich,38,220,19,
Denizen of Leng,27,100,17,
Derghodaemon,33,240,24,
Dero Magister,22,65,8,
Dero Stalker,19,30,5,
Dero Strangler,19,45,6,
Desecrated Guardian,42,360,30,
Desert Drake,27,135,15,
Desert Giant,27,185,19,
Desert's Howl,43,330,33,
Destrachan,27,135,20,
Devourer,31,175,22,
Dezullon,30,130,18,
Dhampir Wizard,17,22,4,
Dig-Widget,23,65,9,
Dimari-Diji,52,550,43,
Dingetooth,16,25,5,
Dire Wolf,18,50,10,
Dirge Piper,16,95,8,
Dismemberment Table,22,56,11,
Divine Warden Of Brigh,28,135,18,
Divine Warden Of Nethys,22,60,11,
Djinni,22,71,13,
Doblagub,35,250,26,
Domovoi,17,35,11,
Doorwarden,22,60,13,
Doppelganger,18,50,7,
Doprillu,36,260,22,
Doru,16,20,7,
Dracolisk,28,155,18,
Draconal,45,370,36,
Dragon Turtle,29,140,18,
Dragon's Blood Puffball,24,170,12,
Dragonscarred Dead,33,210,24,
Dragonshard Guardian,48,430,39,
Dragonstorm Fire Giant,42,400,30,
Drainberry Bush,23,135,16,
Drakauthix,25,190,17,
Drake Courser,32,230,22,
Drake Skeleton,26,130,14,
Dramofir,35,290,28,
Draugr,17,35,7,
Draxie,19,45,8,
Drazmorg the Damned,23,115,16,
Dread Dhuthorex,31,195,22,
Dread Roc,36,290,26,
Dread Wisp,31,90,20,
Dread Wraith,28,130,19,
Dreadsong Dancer,27,160,13,
Dream Spider,16,15,6,
Drelev Guard,27,135,16,
Drenchdead,32,230,21,
Dreshkan,20,72,11,
Dretch,17,45,6,
Drider,24,95,13,
Dromornis,28,150,19,
Drow Fighter,18,18,6,
Drow Hunter,25,115,16,
Drow Priestess,20,39,9,
Drow Rogue,19,26,6,
Drow Shootist,27,120,16,
Drow Warden,21,60,11,
Drowned Mummy,38,330,30,
Drusilla,25,115,17,
Dryad,19,55,10,
Dryad Queen,35,220,25,
Duende,17,35,7,
Duergar Bombardier,18,20,4,
Duergar Sharpshooter,17,16,4,
Duergar Taskmaster,18,30,8,
Dullahan,28,95,14,
Duneshaker Solifugid,42,340,30,
Duskwalker Ghost Hunter,21,56,10,
Dust Mephit,17,16,3,
Dvorovoi,18,44,12,
Dwandek,40,270,31,
Dweomercat,25,100,15,
Dybbuk,35,175,27,
Dyzallin Shraen,42,380,32,
Eagle,16,6,6,
Earth Mephit,15,20,3,
Earth Wisp,16,15,6,
Earthen Destrier,20,72,10,
Eberark,30,275,19,
Ecorche,38,275,27,
Efreeti,28,175,17,
Einherji,30,175,17,
Ekundayo's Dog,22,60,12,
Elananx,24,95,14,
Elasmosaurus,25,125,16,
Elder Cauthooj,36,255,25,
Elder Elemental Tsunami,36,260,25,
Elder Sphinx,38,300,31,
Elder Wyrmwraith,49,450,40,
Electric Eel,16,18,4,
Elemental Avalanche,32,215,20,
Elemental Hurricane,32,140,20,
Elemental Inferno,31,210,20,
Elemental Tsunami,31,195,22,
Elemental Vesse,"r""",40,25,
Elephant,23,130,13,
Elk,16,20,7,
Eloko,25,115,15,
Elysian Sheep,25,140,18,
Elysian Titan,46,400,36,
Ember Fox,18,35,8,
Emperor Bird,18,27,8,
Emperor Cobra,22,80,13,
Empress Bore Worm,23,140,13,
Engelidis,40,290,28,
Enormous Dragonfly,27,165,16,
Enormous Flame Drake,27,140,16,
Eremite,45,375,34,
Erinys,27,120,18,
Eseneth,39,290,29,
Esipil,17,16,7,
Esobok,18,55,12,
Ether Spider,21,75,12,
Ethereal Sailor,25,60,14,
Etioling Blightmage,29,150,19,
Ettin,21,110,16,
Eunemvro,22,78,11,
Evangelist,24,90,13,
Everburning Mammoths,26,135,16,
Evindra,35,210,24,
Excorion,24,160,18,
Faceless Butcher,31,175,21,
Faceless Stalker,21,60,10,
Facetbound Cascader,38,280,28,
Factbound Nullifier,38,305,25,
Fading Fox,21,25,11,
Faerie Dragon,18,30,16,
Fafnheir,51,500,38,
Faithless Ecclesiarach,21,93,16,
Fallen Champion,28,130,17,
Falrok,37,250,28,
False Priestess,22,120,15,
Feathered Bear,29,160,18,
Fen Mosquito Swarm,19,25,8,
Fen Pudding,20,300,15,
Feral Skull Swarm,32,160,21,
Festering Gnasher,16,18,8,
Festrog,15,24,6,
Fetch Behemoth,44,460,36,
Fetch Stalker,42,350,30,
Fetchling Scout,18,18,5,
Fiddling Bones,18,30,9,
Filth Fire,21,70,11,
Fionn,32,175,24,
Fire Giant,31,175,18,
Fire Jellyfish Swarm,13,155,10,
Fire Mephit,17,16,3,
Fire Wisp,16,18,6,
Fire Yai,36,250,26,
Firewyrm,28,165,16,
Fjord Linnorm,40,315,28,
Flame Drake,22,75,12,
Flaming Skull,18,30,9,
Flash Beetle,16,6,6,
Flea Swarm,18,55,13,
Flesh Golem,26,140,12,
Fleshforged Conformer,26,145,19,
Fleshforged Dreadnought,42,300,29,
Flickerwisp,20,18,9,
Floating Femur,14,7,3,
Flumph,17,17,8,
Fluxwraith,39,250,35,
Flying Mountain Kaminari,42,320,33,
Flytrap Leshy,20,72,11,
Follower Of Shumfallow,15,8,6,
Forge-Spurned,22,75,11,
Formian Mageslayer,38,240,31,
Formian Queen,40,255,31,
Formian Worker,16,20,6,
Fortune Eater,25,100,13,
Fossil Golem,33,195,20,
Freshly Bloomed Basilisk,26,188,18,
Froghemoth,32,285,25,
Frost Drake,25,115,14,
Frost Giant,29,150,17,
Frost Troll,19,90,12,
Frost Worm,33,225,22,
Fuath,17,18,8,
Fuming Sludge,16,160,11,
Fungus Leshy,19,30,6,
Gaetane,36,315,27,
Gahlepod,24,140,13,
Gallowdead,37,280,27,
Galvo,27,158,17,
Gambulami,31,200,21,
Gancanagh,21,75,11,
Ganzi Martial Artist,21,36,9,
Gargoyle,21,40,10,
Garuda,28,135,20,
Gashadokuro,33,230,24,
Gathlain Wanderer,17,14,6,
Gbahali,28,170,17,
Gedovius,39,222,28,
Geist,26,120,17,
Gelatinous Cube,10,90,5,
Gelugon,34,215,26,
General Avinash Jurrg,36,225,26,
Ghaele,34,235,25,
Ghast,18,30,8,
Ghast Outlaw,28,155,15,
Ghastly Bear,27,135,16,
Ghiasi The Unraveler,40,285,34,
Gholdako,27,215,16,
Ghonhatine,30,175,19,
Ghoran Manipulator,18,45,9,
Ghost Commoner,20,30,10,
Ghost Mage,27,135,17,
Ghost Monk,25,115,18,
Ghost Pirate Captain,26,100,17,
Ghostly Guard,35,210,29,
Ghostly Mob,25,105,16,
Ghoul,16,20,7,
Ghoul Antipaladin,29,155,15,
Ghoul Crocodile,20,60,11,
Ghoul Gnawer,28,190,18,
Ghoul Razorclaw,34,230,25,
Ghul,21,85,13,
Giant Amoeba,8,45,4,
Giant Anaconda,25,175,17,
Giant Animated Statue,26,100,13,
Giant Ant,18,30,7,
Giant Aukashungi,36,300,24,
Giant Badger,18,30,8,
Giant Bat,18,30,11,
Giant Bone Skipper,25,115,17,
Giant Centipede,15,8,6,
Giant Chameleon,18,60,10,
Giant Cockroach,16,20,6,
Giant Crab,19,24,8,
Giant Crawling Hand,22,75,12,
Giant Dragonfly,21,60,11,
Giant Dragonfly Nymph,19,46,8,
Giant Eagle,19,45,11,
Giant Flea,19,50,10,
Giant Fly,17,20,8,
Giant Flying Squirrel,18,30,8,
Giant Flytrap,29,185,17,
Giant Frilled Lizard,22,75,11,
Giant Frog,15,30,7,
Giant Gecko,16,20,7,
Giant Hermit Crab,21,114,13,
Giant Hippocampus,27,170,16,
Giant Jellyfish,15,165,12,
Giant Leech,17,32,5,
Giant Maggot,13,18,3,
Giant Mantis,20,40,9,
Giant Mining Bee,18,30,9,
Giant Monitor Lizard,18,30,7,
Giant Moray Eel,21,65,11,
Giant Mosquito,24,80,17,
Giant Octopus,27,135,15,
Giant Opossum,17,35,8,
Giant Pangolin,21,63,12,
Giant Porcupine,18,32,8,
Giant Rat,15,8,5,
Giant Scorpion,19,45,9,
Giant Seahorse,19,58,10,
Giant Silverfish,15,17,8,
Giant Skunk,16,21,6,
Giant Snapping Turtle,28,170,17,
Giant Solifugid,16,20,7,
Giant Squid,28,155,21,
Giant Stag Beetle,22,55,10,
Giant Tapir,18,30,8,
Giant Tarantula,21,135,14,
Giant Tick,16,20,6,
Giant Toad,17,36,8,
Giant Trapdoor Spider,18,28,7,
Giant Tsetse Fly,18,30,9,
Giant Viper,19,26,7,
Giant Vulture,18,50,12,
Giant Wasp,19,45,8,
Giant Whiptail Centipede,19,45,9,
Giant Wolverine,21,65,9,
Giant Worker Bee,16,16,5,
Gibbering Mouther,21,120,15,
Gibtanius,28,140,16,
Gibtas Bounder,22,76,13,
Gibtas Spawn Swarm,23,70,14,
Gimmerling,34,235,21,
Ginjana Mindkeeper,31,195,22,
Girtablilu Seer,33,210,25,
Girtablilu Sentry,27,160,18,
Glabrezu,34,280,24,
Glass Elephant,32,245,22,
Glass Golem,26,135,14,
Gliminal,27,160,18,
Globster,12,170,9,
Gluttondark Babau,26,135,15,
Gluttonworm,41,445,32,
Glyptodon,23,65,9,
Gnagrif,18,35,7,
Gnoll Cultist,19,45,8,
Gnoll Hunter,18,29,7,
Gnoll Sergeant,21,60,10,
Goblin Bat-Dog,18,53,9,
Goblin Commando,17,18,5,
Goblin Dog,17,17,6,
Goblin Pyro,17,15,4,
Goblin War Chanter,17,16,5,
Goblin Warrior,16,6,2,
Gogiteth,31,250,21,
Gold Defender,34,190,21,
Gold Defender Garrison,29,240,22,
Golgopo,26,130,16,
Goliath Spider,30,220,22,
Gorgon,28,135,19,
Gorilla,19,45,8,
Gosreg,31,195,21,
Gourd Leshy,17,20,5,
Grabbles,18,35,7,
Grandfather Mantis,36,300,27,
Granite Glyptodont,28,145,17,
Granite Vulture,18,28,10,
Grappling Spirit,27,125,17,
Grauladon,17,35,7,
Grave Hag,28,155,18,
Grave Karina,30,240,21,
Grave Spinosaurus,30,280,26,
Graveknight,31,175,19,
Graveknight Captain,25,90,14,
Graveknight Champion,38,275,27,
Graveknight Warmaster,38,255,26,
Graveshell,17,20,4,
Gray Death,44,330,33,
Gray Ooze,14,60,8,
Graylok Ambusher,26,130,19,
Graylok Artillerist,26,100,16,
Graylok Gatebreaker,28,130,16,
Great Cyclops,32,235,22,
Great Grodair,23,130,16,
Great White Shark,21,60,11,
Greater Barghest,25,105,16,
Greater Nightmare,31,200,22,
Greater Shadow,24,75,14,
Green Hag,21,70,10,
Green Man,51,525,42,
Grendel,44,360,35,
Grick,20,35,8,
Griffon,21,60,11,
Grig,17,20,7,
Grikkitog,36,200,29,
Grim Reaper,47,320,41,
Grimbal,22,75,13,
Grimple,15,9,6,
Grimstalker,22,60,12,
Grindylow,15,14,5,
Grioth Cultist,18,40,10,
Grioth Scout,17,16,7,
Grippli Archer,20,44,10,
Grippli Greenspeaker,21,71,13,
Grippli Jinxer,23,95,16,
Grippli Scout,18,20,8,
Grippli Skirmisher,22,60,12,
Grisantian Lion,32,215,25,
Grizzly Bear,19,45,10,
Grodair,20,88,13,
Grogrisant,38,295,30,
Gromog,16,28,1,
Grootslang,38,370,28,
Groplit,16,16,6,
Grothlut,19,50,5,
Grouloop,27,185,18,
Guard Dog,15,8,6,
Guardian Naga,31,175,22,
Guecubu,27,110,15,
Gug,30,175,19,
Guillotine Golem,42,270,28,
Guloval,32,250,23,
Gumiho,39,310,29,
Gunpowder Ooze,29,400,22,
Gurgist Mauler,23,120,14,
Gurija,21,95,11,
Guthallath,43,325,30,
Gylou,36,240,28,
Hadrinnex,27,118,17,
Hadrosaurid,21,60,13,
Halbrux Far-Sight,30,195,21,
Hamatula,31,165,24,
Haniver,15,9,5,
Hantu Belian,27,150,24,
Hantu Denai,22,125,18,
Hargulka,26,190,16,
Harlo Krant,20,80,13,
Harmona,30,190,24,
Harmony In Agony,34,200,23,
Harpy,22,68,12,
Harpy Skeleton,22,60,9,
Harrow Doll,26,120,14,
Hatred Siktempora,42,240,33,
Headless Xulgath,29,195,20,
Hegessik,37,250,29,
Hegremon,34,225,27,
Hekatonkheires Titan,52,500,43,
Helg Eats-The-Eaters,37,275,26,
Hell Hound,19,40,9,
Hellbound Attorney,20,60,11,
Hellcat,25,110,16,
Hellcrown,16,20,10,
Hellknight Cavalry Brigade,27,135,16,
Hellwasp Swarm,24,95,16,
Herecite of Zevgavizeb,30,200,20,
Herexen,17,30,8,
Hermean Mutant,43,380,35,
Hermit Crab Swarm,19,42,11,
Hesperid,28,175,19,
Hesperid Queen,45,306,34,
Hezrou,31,245,21,
Hieracosphinx,22,70,14,
Hill Giant,24,140,13,
Hill Giant Butcher,36,260,25,
Hillstomper,31,200,21,
Hippocampus,16,24,6,
Hippogriff,18,32,8,
Hippopotamus,21,85,11,
Hive Mother,29,120,16,
Hobgoblin Archer,23,50,10,
Hobgoblin General,25,90,13,
Hobgoblin Soldier,18,20,7,
Hobji,19,45,8,
Hodag,24,90,14,
Hollow Hush,41,355,33,
Hollow Husks,20,130,9,
Hollow Serpent,37,280,27,
Homunculus,17,17,3,
Hooklimb Xulgath,29,190,18,
Hooktongue,35,275,25,
Hooktongue Hydra,34,240,26,
Horagnamon,28,100,18,
Horde Lich,35,250,25,
Horned Archon,22,65,11,
Hound Archon,22,70,13,
Hound of Tindalos,25,90,17,
House Drake,17,16,8,
Howling Spawn,31,175,21,
Huldra,21,70,13,
Hungering Growths,24,145,15,
Hungry Ghost,23,60,13,
Hunter Wight,24,112,16,
Hunting Spider,17,16,7,
Husk Zombie,17,55,5,
Hyaenodon,19,45,9,
Hyakume,36,275,29,
Hydra,23,90,17,
Hyena,16,20,6,
Hymmir Urath,21,80,13,
Hyrune Loxenna,37,240,27,
I,25,110,19,
I'iko Dragon,23,110,12,
Ibrique,35,200,18,
Ice Golem,21,80,9,
Ice Linnorm,41,330,29,
Ice Mephit,17,18,3,
Ice Mummy,26,130,16,
Ice Yai,34,230,26,
Icewyrm,30,185,19,
Ichor Slinger,20,65,10,
Icicle Snake,18,35,7,
Id Ooze,21,105,15,
Iffdahsil,43,380,38,
Ifrit Pyrochemist,18,18,3,
Iguanodon,24,95,14,
Ikeshti Brood-Minder,18,30,7,
Ileosa's Shell,34,235,24,
Ilthuliak,47,450,37,
Imentesh,30,175,19,
Immense Mandragora,43,400,33,
Immortal Ichor,26,350,20,
Imp,17,15,7,
Imperfect Automaton,23,85,12,
Incutilis,17,21,7,
Inmyeonjo,38,300,30,
Intellect Assemblage,43,355,29,
Intellect Devourer,26,130,16,
Interlocutor,33,215,24,
Invidiak,22,90,15,
Invisible Stalker,26,70,16,
Ioton,14,14,3,
Irahkatu,34,235,22,
Iridescent Elephant,21,110,11,
Irlgaunt,34,265,24,
Irnakurse,28,152,18,
Iron Golem,34,190,21,
Iron Taviah,24,85,14,
Ironclad Annihilator Beetle,49,400,36,
Iroran Mummy,31,190,21,
Irovetti's Fetch,44,440,36,
Irriseni Owlbear,23,85,15,
Iruxi Ossature,22,76,13,
Ishti,41,340,29,
Isqulug,31,230,24,
Ittan-Momen,20,20,7,
Ixam�,30,175,22,
Izfiitar,44,360,36,
Jabberwock,49,500,40,
Jaggaki,34,200,22,
Jaggedbriar Hag,25,92,15,
Jaiban,36,170,23,
Janni,20,60,11,
Japalisura,33,235,22,
Jewel,29,60,21,
Jin Durwhimmer,25,120,19,
Jinkin,17,19,7,
Jitterbone Contortionist,20,56,10,
Jorogumo,33,270,26,
Jotund Troll,35,360,29,
Jungle Drake,23,90,13,
Jurgrindor,17,50,9,
Juvenile Boar,15,16,5,
Jyoti,28,155,21,
K'nonna,26,140,16,
K.H.W.'s Echo,36,280,30,
Kaava Stalker,16,20,7,
Kadlaka,21,60,14,
Kalavakus,30,200,19,
Kallas Devil,27,180,21,
Kangaroo,15,18,7,
Kannitri,33,175,26,
Kapoacinth,20,40,10,
Kappa,18,35,9,
Kargstaad,43,360,33,
Kargstaad's Giant,37,270,27,
Karina,21,95,12,
Karumzek,21,60,11,
Karumzek Swarm,30,175,21,
Kasa-Obake,20,65,13,
Kasesh,19,35,10,
Kashrishi Evaluator,20,50,13,
Keketar,40,290,30,
Kellid Graveknight,37,255,27,
Kelpie,21,60,11,
Kerinza,32,235,23,
Khefak Scuttler,15,7,4,
Khravgodon,27,160,18,
Kieragan Skross,26,135,16,
Kilia Mwibo,36,345,26,
Kimenhul,45,425,35,
Kimilekki,40,380,30,
King Harral,35,195,25,
King Merlokrep,26,140,16,
Kirin,25,115,17,
Kirosthrek,45,375,36,
Kishi,25,138,14,
Kitsune Trickster,18,24,10,
Kob Moleg,39,295,27,
Kobold Dragon Mage,17,25,5,
Kobold Scout,18,16,8,
Kobold Tunnelrunner,16,16,6,
Kobold Warrior,16,8,3,
Kodama,21,95,16,
Kokogiak,33,215,25,
Kolyarut,34,215,23,
Kongamato,30,190,19,
Korog,39,295,29,
Korred,21,65,12,
Kothoga,"e Of Disharmony""",49,00,
Kovintus Geomancer,18,40,11,
Kraken,42,360,34,
Krampus,46,380,38,
Krampus Celebrant,27,125,19,
Kreekoss,24,95,15,
Kreeth-Ni,19,40,11,
Krooth,26,150,16,
Kuchisake-Onna,36,252,28,
Kun,36,230,27,
Kundal,25,140,15,
Kurnugian Jackal,23,98,17,
Kurobozu,24,90,14,
Kurshkin,19,50,10,
Kushtaka,21,40,12,
Kuworsys,34,213,22,
Lacedon,18,32,7,
Lagofir,18,55,11,
Lamia,24,95,13,
Lamia Matriarch,27,135,15,
Lampad,22,85,12,
Lampad Queen,39,234,27,
Lantern Archon,16,20,6,
Laruhao,43,360,35,
Last Guard,45,330,33,
Lazurite-Infused Stone Golem,33,195,22,
Leaf Leshy,18,15,4,
Leandrus,18,30,8,
Ledalusca,17,40,8,
Legion Archon,27,100,15,
Lemure,13,20,0,
Leng Envoy,42,240,31,
Leng Ghoul,29,180,19,
Leng Spider,34,235,24,
Leopard,18,30,7,
Leprechaun,18,25,11,
Lerritan,46,490,35,
Lesser Death,39,255,32,
Lesser Jabberwock,47,430,36,
Lesser Manifestation Of Dahak,50,500,39,
Leucrotta,21,85,11,
Leukodaemon,28,155,20,
Levaloch,25,105,16,
Leydroth,40,315,30,
Lich,31,190,20,
Lickweed,20,65,12,
Lifeleecher Brawler,25,165,15,
Lignified Adamantine Golem,40,255,26,
Lillend,25,145,16,
Lintwerth,32,180,22,
Lion,19,45,9,
Lion Visitant,22,95,13,
Little Man in the Woods,24,95,12,
Living Boulder,17,36,6,
Living Landslide,21,90,12,
Living Sap,13,175,7,
Living Thunderclap,22,50,9,
Living Waterfall,20,90,10,
Living Whirlwind,24,50,10,
Living Wildfire,22,80,10,
Living-Sun Spire,36,200,21,
Lizardfolk Defender,16,21,7,
Lizardfolk Scout,17,17,8,
Lizardfolk Stargazer,17,30,8,
Lizardfolk Warrior,17,36,7,
Llorona,32,165,20,
Loblobi,16,25,6,
Locathah Hunter,20,38,9,
Long-Horned Bison,23,110,13,
Long-Horned Bison Beheaded,18,32,7,
Lophiithu,43,400,38,
Loreavor,28,155,19,
Lorthact,38,300,27,
Love Siktempora,38,210,28,
Lovelorn,21,60,10,
Luminous Ooze,11,80,6,
Lunar Naga,24,100,16,
Lurker In Light,22,72,13,
Lusca,40,320,31,
Lyrakien,17,25,8,
Lyrt Cozurn,35,280,27,
Maftet Guardian,23,92,14,
Magma Scorpion,28,155,18,
Maharaja,45,320,37,
Malarunk,22,63,13,
Maliadi,40,285,29,
Mamlambo,28,155,19,
Mammoth,29,190,18,
Mammoth Turtle,36,270,24,
Manananggal,26,180,16,
Mandragora,21,60,11,
Mandragora Swarm,42,230,30,
Manifestation Of Dahak,52,600,46,
Manta Ray,16,24,6,
Manticore,23,90,14,
Manticore Paaridar,26,110,18,
Mari Lwyd,30,190,21,
Marid,28,145,18,
Marilith,40,380,30,
Marrmora,37,280,27,
Marsh Giant,27,150,16,
Marut,37,230,26,
Mastiff Of Tindalos,37,210,29,
Mastodon,26,175,17,
Masu,14,6,8,
Meat Guardian,20,60,7,
Mechanical Carny,17,33,6,
Mechanical Laborer,22,55,11,
Medusa,25,105,16,
Megalania,25,125,15,
Megalictis,19,42,10,
Megaloceros,21,58,10,
Megalodon,27,180,20,
Megaprimatus,26,150,15,
Megatherium,21,85,13,
Meladaemon,31,225,21,
Melfesh Monster,23,78,14,
Melianse,21,78,11,
Melixie,16,17,4,
Melodic Squalls,39,280,30,
Melody On The Wind,30,170,21,
Mengkare,50,575,40,
Merfolk Warrior,18,19,6,
Merfolk Wavecaller,17,30,8,
Mezlan,31,260,25,
Mi-Go,24,120,14,
Millindemalion,34,275,23,
Mimic,20,75,9,
Minchgorm,42,440,30,
Minister Of Tumult,36,190,28,
Minognos-Ushad,43,295,30,
Minotaur,20,70,12,
Misery Siktempora,32,160,25,
Mist Stalker,20,58,13,
Mitflit,15,10,4,
Mithral Golem,40,220,26,
Mix Couatl,27,135,19,
Mobogo,29,160,21,
Mohrg,28,120,17,
Mokele-Mbembe,27,172,15,
Monadic Deva,33,245,25,
Monkey,14,9,6,
Monkey Swarm,16,20,8,
Moon Hag,29,190,22,
Moonflower,24,120,16,
Moose,18,50,9,
Morlock,17,38,7,
Morlock Cultist,21,58,11,
Morlock Engineer,18,46,8,
Morlock Scavenger,16,20,6,
Morrigna,38,240,28,
Morrowkin,34,320,24,
Mosghut," Cow""",15,0,
Mosquito Witch,30,180,22,
Mothman,26,90,15,
Movanic Deva,30,195,22,
Mpeshi,24,110,14,
Mu Spore,45,350,36,
Muckish Creep,27,160,18,
Mudwretch,16,40,9,
Mukradi,37,300,24,
Mulventok,24,115,15,
Mummified Cat,15,17,7,
Mummy Guardian,23,110,16,
Mummy Pharaoh,27,165,20,
Mummy Prophet of Set,33,250,23,
Munagola,31,165,24,
Munavri Spellblade,18,28,7,
Murder Of Crows,27,150,19,
Muse Phantom,21,50,10,
Mutant Bat,22,75,16,
Mutant Desert Drake,28,150,17,
Mutant Giant Toad,18,44,9,
Mutant Gnoll Hulk,26,195,17,
Mutated Sewer Ooze,16,45,10,
Muurfeli,39,300,30,
Myceloid,20,70,10,
Myrucarx,41,340,33,
Nabasu,27,165,17,
Nagaji Soldier,18,28,8,
Naiad,16,20,6,
Naiad Queen,26,100,18,
Najra Lizard,21,60,11,
Nalfeshnee,34,365,25,
Namorrodor,22,85,11,
Narlynark,22,75,13,
Narwhal,18,50,10,
Nasurgeth,45,510,36,
Naunet,24,120,14,
Necrohulk Flailer,32,295,23,
Necrohulk Smasher,36,345,25,
Necrohusk,22,75,14,
Necromunculus,16,20,5,
Necrophidius,19,50,9,
Nemhaith,36,255,31,
Nenchuuj,43,355,33,
Neothelid,37,345,29,
Nereid,30,175,20,
Nessian Warhound,28,150,19,
Ngara,33,215,22,
Night Hag,28,170,18,
Nightgaunt,21,60,10,
Nightmarchers,30,240,27,
Nightmare,24,100,14,
Nightmare Rook,46,380,38,
Nikaramsa,35,315,25,
Nilith,32,150,19,
Niodrhast,43,445,33,
Nixie,16,25,6,
Nkiruka,36,260,25,
Norn,46,375,41,
Nosferatu Malefactor,30,135,19,
Nosferatu Overlord,37,216,27,
Nosferatu Thrall,27,135,16,
Nosoi,16,18,6,
Nuckelavee,28,190,16,
Nucol,20,75,11,
Nuglub,18,34,5,
Nydazuul,31,180,20,
Nyktera,15,10,6,
Nyogoth,29,175,19,
Nyrissa,49,495,41,
Obrousian,36,250,26,
Obsidian Golem,40,230,28,
Ochre Jelly,12,150,7,
Ofalth,31,170,18,
Ogre Boss,25,130,12,
Ogre Glutton,18,70,6,
Ogre Hurler,19,65,10,
Ogre Spider,23,70,13,
Ogre Warrior,17,50,5,
Oil Living Graffiti,19,50,9,
Old Crackjaw,23,78,11,
Old Man Statue,36,160,24,
Old Thrasher,26,140,16,
Olethrodaemon,44,450,33,
Omox,25,395,22,
Onidoshi,27,125,17,
Onryo,32,180,21,
Ooze Mephit,14,24,3,
Opkherab,19,50,10,
Orc Brute,15,15,5,
Orc Warchief,19,32,11,
Orc Warrior,18,23,6,
Orca,21,75,12,
Oread Guard,19,20,7,
Orochi,42,400,33,
Ostiarius,21,67,15,
Ostovite,15,30,4,
Osyluth,28,135,21,
Otyugh,20,70,10,
Ouroboros,45,500,33,
Overgrown Viper Vine,35,290,24,
Oversized Chimera,33,220,23,
Ovinnik,20,59,14,
Owb,24,90,13,
Owb Prophet,34,225,24,
Owlbear,21,70,13,
Pachycephalosaurus,19,65,10,
Pairaka,24,105,15,
Pakalchi,26,140,18,
Palace Skelm,27,155,15,
Pale Sovereign,36,298,28,
Pale Stranger,29,155,19,
Pegasus,19,55,12,
Peluda,30,170,21,
Penanggalan,22,83,11,
Peng,32,200,25,
Penqual,37,205,27,
Peri,36,255,26,
Peryton,21,60,13,
Pesgahi the Poisoner,21,60,11,
Petitioner,15,22,7,
Phalanx Of Phalanges,15,16,5,
Phantom Beast,26,120,18,
Phantom Knight,21,45,13,
Phistophilus,30,150,21,
Phoenix,36,300,27,
Phomandala,45,300,32,
Pinacosaurus,21,70,10,
Piranha Swarm,16,40,9,
Piscodaemon,28,200,19,
Pit Fiend,46,335,37,
Pitax Warden,33,215,22,
Pixie,23,40,12,
Plague Giant,35,285,25,
Plague Zombie,13,50,3,
Planar Terra-Cotta Soldier,30,250,21,
Planar Terra-Cotta Squadron,37,300,24,
Planetar,39,300,28,
Platecarpus,19,46,9,
Pleroma,45,335,37,
Pokmit Bloody-Pike,42,335,31,
Polar Bear,22,73,12,
Polong,24,100,17,
Poltergeist,22,55,11,
Popobawa,37,270,25,
Poracha,23,50,10,
Portal Eater,37,420,30,
Prachalla,30,205,19,
Prairie Drake,18,36,6,
Precentor,39,295,32,
Predatory Rabbit,16,6,5,
Priest of Kabriri,19,63,13,
Primal Bandersnatch,44,395,33,
Procyal,26,170,18,
Profane Ghoul,30,180,19,
Provincial Jiang-Shi,31,130,22,
Prowler Wight,28,155,18,
Pteranodon,18,35,8,
Pufferfish,12,12,4,
Pugwampi,16,17,6,
Pukwudgie,25,100,17,
Purple Worm,32,270,20,
Purrodaemon,43,335,33,
Pygmy Kaava,15,15,6,
Pyrogeist,29,130,20,
Pyronite Ooze,19,350,14,
Qormintur,39,295,29,
Quantium Golem,47,325,36,
Quasit,17,25,7,
Quatoid,25,120,18,
Queen Sluagh,41,417,31,
Quelaunt,36,305,29,
Quetz Couatl,30,175,21,
Quetzalcoatlus,25,110,15,
Quickling,22,25,9,
Quintessivore,28,180,17,
Quoppopak,31,195,22,
Qurashith,40,340,33,
Radiant Warden,40,300,30,
Raja Rakshasa,30,155,19,
Raktavarna,16,14,6,
Rancorous Priesthood,31,195,21,
Raptor Guard,34,240,22,
Rat Snake Swarm,16,20,8,
Rat Swarm,14,14,5,
Ratajin Mastermind,18,30,7,
Ratfolk Grenadier,21,60,10,
Ravager Of Tindalos,43,250,31,
Raven,15,7,5,
Raven Swarm,19,30,9,
Ravener,47,500,37,
Ravener Husk,35,325,26,
Ravenile,24,306,25,
Raw Nerve,26,150,17,
Reaper Skull Puffball,25,195,15,
Reborn Sun Hunter,30,195,24,
Reborn Sun Mage,28,195,24,
Reborn Sun Warrior,31,245,21,
Red Commander Ant,40,315,30,
Red Fox,17,5,7,
Red Guard Ant,37,275,27,
Red Queen,42,335,30,
Redacted The Weaver In Dreams,39,310,33,
Redcap,21,60,12,
Reef Octopus,17,20,7,
Reefclaw,20,17,8,
Relictner Eroder,32,265,23,
Remnant of Barzillai,29,135,22,
Remorhaz,25,120,14,
Resin-Seep Xulgath,30,195,19,
Revenant,23,115,14,
Rezatha,39,330,28,
Rhevanna,48,400,42,
Rhinoceros,22,70,9,
Rhu-Chalik,23,95,17,
Riding Dog,16,20,7,
Riding Horse,16,22,5,
Riding Pony,14,16,4,
Riekanoy,45,410,31,
Rigg Gargadilly,27,70,15,
Rime Sludge,8,38,4,
Ringhorn Ram,16,15,6,
Risen Fetch,48,470,38,
River Drake,19,45,9,
River Elasmosaurus,31,195,21,
Rivka,32,220,21,
Roc,27,180,18,
Roiling Incant,25,155,15,
Rokurokubi,18,30,9,
Rompo,21,80,15,
Roper,29,215,21,
Roru,25,120,16,
Rosethorn,18,30,8,
Rotbomber,31,250,25,
Rune Giant,38,330,28,
Runecarved Lich,42,330,32,
Rusalka,33,230,22,
Rust Hag,26,135,16,
Rust Monster,19,40,8,
Rust Ooze,11,80,6,
Rusty Mae,30,155,22,
Sabosan,22,78,10,
Sacristan,30,175,19,
Saggorak Poltergeist,33,180,20,
Sahni Bride-Of-The-Sea,24,120,15,
Salamander,26,125,15,
Samsaran Anchorite,15,16,9,
Sand Sentry,24,94,14,
Sandpoint Devil,27,165,16,
Sanzuwu,36,295,26,
Sard,43,400,35,
Sarglagon,27,120,18,
Sarkorian Wolf,15,24,7,
Sarvel Ever-Hunger,48,430,39,
Sasquatch,17,36,8,
Satyr,19,80,10,
Saurian Warmonger,39,340,31,
Saurian Worldwatcher,43,330,34,
Scalathrax,21,60,11,
Scalescribe,18,45,11,
Scalliwing,19,45,12,
Scarecophagus,24,100,14,
Scarecrow,19,60,11,
Scarlet Walker,33,225,23,
Sceaduinar,25,100,15,
Scorned Hound,15,22,7,
Scorpion Swarm,21,55,11,
Scrabbling Ribcage,16,20,6,
Screaming Sulfur,27,125,22,
Scrit,16,18,6,
Scythe Tree,24,105,14,
Sea Devil Baron,24,95,13,
Sea Devil Brute,21,60,7,
Sea Devil Scout,18,30,9,
Sea Drake,24,95,14,
Sea Hag,19,45,10,
Sea Serpent,35,210,22,
Sea Snake,16,15,5,
Seaweed Leshy,19,45,10,
Seetangeist,32,160,19,
Seething Spirit,29,145,15,
Sepid,34,350,24,
Sepoko,31,200,22,
Serpentfolk Granitescale,24,120,13,
Serpentfolk Venom Caller,24,105,15,
Seugathi Reality Warper,27,120,17,
Seugathi Servant,23,75,14,
Severed Head,15,7,6,
Sewer Ooze,8,40,3,
Shabti Redeemer,24,75,8,
Shabti Slayer,39,255,28,
Shabti Votary,40,260,33,
Shadern Immolator,15,21,5,
Shadow,20,40,10,
Shadow Drake,17,28,6,
Shadow Giant,33,275,20,
Shadow Worm,45,450,33,
Shadow Yai,39,290,28,
Shadowbound Monk Statue,28,120,15,
Shadowforged Guardian,29,170,18,
Shae,21,45,10,
Shaitan,25,110,15,
Shambler,22,120,12,
Shambler Troop,18,90,7,
Shanrigol Behemoth,27,140,18,
Shanrigol Heap,20,55,9,
Shantak,27,115,18,
Shatterling,36,305,26,
Shaukeen,16,22,8,
Shemhazian,39,350,30,
Shianshi Waymaker,42,330,32,
Shield Archon,31,125,19,
Shieldbearer Construct,17,30,6,
Shikigami,15,25,10,
Shimmernewt,22,120,14,
Shining Child,33,215,23,
Shoal Linnorm,38,295,27,
Shobhad Enforcer,38,320,29,
Shobhad Sniper,40,320,30,
Shock Zombie,21,140,12,
Shocker Lizard,18,32,7,
Shoggoth,39,275,34,
Shoggti,25,105,13,
Shoki,27,130,21,
Shoony Hierarch,19,60,12,
Shoony Militia Member,17,40,8,
Shoony Tiller,15,16,6,
Shraen Graveknight,37,295,26,
Shredskin,16,30,6,
Shrine Skelm,22,80,11,
Shuln,33,195,20,
Shulsaga,19,35,10,
Siabrae,36,218,31,
Sicklehand Construct,16,15,6,
Siege Shard,19,37,9,
Sigbin,21,75,12,
Silent Stalker,34,220,24,
Silvanshee,17,20,8,
Silverfish Swarm,13,9,5,
Simurgh,41,350,32,
Sinspawn,18,30,10,
Sister Of The Bloodshot Eye,31,250,23,
Si� Goluo,36,320,25,
Skarja,34,260,25,
Skaveling,22,80,15,
Skeletal Champion,19,25,8,
Skeletal Giant,17,50,7,
Skeletal Hellknight,20,25,7,
Skeletal Horse,16,33,8,
Skeletal Hulk,25,105,16,
Skeletal Knight,28,110,5,
Skeletal Mage,21,60,9,
Skeletal Soldier,17,16,5,
Skeletal Tiger Lord,28,99,18,
Skeletal Titan,33,210,19,
Skeletal Woolly Rhinoceros,22,75,9,
Skeleton Guard,16,4,2,
Skeleton Infantry,31,180,17,
Skinskitter,16,20,7,
Skinstitch,22,95,12,
Skrik Nettle,22,130,16,
Skulk,16,21,5,
Skull Fairy,19,45,10,
Skull Peeler,24,75,17,
Skulltaker,42,300,33,
Skum,16,40,6,
Skunk,15,7,5,
Slana,45,380,36,
Slime Mold,12,60,6,
Slithering Pit,14,220,9,
Sluagh Reaper,29,175,21,
Sludgespine Killers,14,8,5,
Slug,25,165,14,
Slurk,17,35,6,
Smiler,19,45,12,
Smilodon,23,110,14,
Smog Giant,23,145,13,
Smog Wraith,27,110,19,
Smoldering Leopard,19,45,11,
Snapping Flytrap,18,50,7,
Snapping Turtle,16,9,3,
Sod Hound,19,44,9,
Sodden Sentinel,28,320,15,
Solar,49,500,40,
Solar Glass Golem,31,195,17,
Solar Ibis,25,45,17,
Somnalu,37,290,29,
Somnalu Oculus,28,240,26,
Sorcerous Skull Swarm,34,190,24,
Sordesdaemon,37,300,26,
Soul Eater,26,80,15,
Soul Skelm,29,170,19,
Soul Slime,29,420,27,
Soul Swarm,28,234,24,
Soulbound Doll,20,23,8,
Soulbound Ruin,37,310,25,
Spark Bat,19,18,7,
Spawn Of Kothogaz,24,70,14,
Spawn Of Taon,30,175,21,
Spear Frog,14,12,6,
Speartooth,36,255,25,
Specter,25,95,15,
Spectral Devil,28,140,19,
Spellscar Fext,25,100,15,
Spellscar Sky Marauder,22,85,12,
Spellskein,16,15,2,
Sphinx,27,135,18,
Spider Swarm,15,12,4,
Spinosaurus,30,200,21,
Spiny Eurypterid,22,70,10,
Spiral Centurion,31,170,20,
Spirit Naga,28,160,18,
Spirit Of Stisshak,28,65,18,
Spirit Turtle,45,320,35,
Spiritbound Aluum,39,255,28,
Sportlebore Swarm,25,85,13,
Spriggan Bully,19,48,10,
Spriggan Warlord,25,120,14,
Spring-Heeled Jack,18,45,10,
Sprite,15,11,4,
Squirming Swill,17,28,6,
Squirrel Swarm,16,16,6,
Ssumzili,33,201,25,
Stag Lord Bandit,15,16,4,
Star Archon,43,400,35,
Starved Staff,32,250,26,
Steam Mephit,16,19,3,
Stegosaurus,23,125,15,
Stheno Harpist,16,19,4,
Sthira,45,475,33,
Stingray,16,15,6,
Stinkweed Shambler,18,30,8,
Stone Ghost,20,40,13,
Stone Giant,27,150,16,
Stone Golem,30,175,17,
Stone Lion,21,50,13,
Stone Lion Cub,18,28,10,
Stone Mauler,27,180,16,
Stone Sister,24,75,11,
Storm Giant,34,235,24,
Storm Hag,21,95,12,
Storm Lord,30,120,18,
Storm-Struck Arboreal,37,370,28,
Straugh,29,220,17,
Street Skelm,18,55,8,
Striding Fire,24,115,14,
Strigoi Progenitor,34,180,23,
Strigoi Servant,30,130,20,
Strix Kinmate,18,24,9,
Sturzstromer,41,280,33,
Stygira,26,80,17,
Succubus,23,100,15,
Sulfur Zombie,23,125,12,
Suli Dune Dancer,15,16,5,
Sulvik,27,190,21,
Sumbreiva,39,290,29,
Summer Hora,24,90,14,
Summer Hora Queen,35,190,26,
Sunburst Corpse,35,255,25,
Sunflower Leshy,16,20,7,
Svartalfar Killer,27,135,16,
Swordkeeper,29,285,20,
Syarstik Painted-Tiger,21,40,14,
Sykever,37,335,29,
Sylph Sneak,18,17,5,
Ta'apundo,45,440,35,
Taiga Giant,32,230,23,
Taiga Linnorm,44,385,33,
Taiga Yai,36,270,30,
Takulu Ot,21,60,11,
Talamira,34,185,24,
Taljjae,43,400,33,
Tallow Guardian,23,145,13,
Tallow Ooze,19,270,14,
Talon Peak Roc,33,220,22,
Tamikan,38,295,23,
Tanglebones,24,145,17,
Taon,38,230,25,
Tar Ooze,18,255,18,
Tar Zombie Mammoth,26,240,18,
Tar Zombie Predator,23,180,15,
Tar Zombie Snatcher,22,130,12,
Tarn Linnorm,46,400,35,
Tarrasque,54,540,48,
Tatterthread,46,400,39,
Tattoo Guardian,19,50,8,
Tatzlwyrm,18,30,8,
Taunting Skull,22,80,13,
Tehialai-Thief-Of-Ships,36,200,26,
Temteki,21,80,13,
Tendriculos,25,120,15,
Tenebric Giant,39,360,31,
Tengu Sneak,19,27,6,
Tenome,21,60,14,
Teraphant,27,175,18,
Terotricus,42,370,31,
Terra-Cotta Garrison,27,240,22,
Terra-Cotta Soldier,24,120,14,
Terror Bird,17,30,6,
Terror Shrike,20,60,11,
Terrorguard,37,255,25,
Terwa Chosen,27,140,19,
Terwa Prodigy,23,100,17,
Terwa Star Reader,24,115,18,
Teyam Ishtori,44,300,25,
Thanadaemon,34,270,26,
Thanatotic Titan,46,540,36,
Thasteron Khefak,19,42,9,
The Beast,28,120,19,
The Dancing Lady,28,135,16,
The Disciples,22,130,15,
The Gardener Creature,36,220,24,
The Horned Hunter,42,350,35,
The King of Biting Ants,44,300,32,
The Knurly Witch,45,324,38,
The Lonely Warrior,23,106,14,
The Misbegotten Troll,40,430,31,
The Stabbing Beast,38,275,27,
The Vanish Man,39,265,28,
The Wriggling Man,47,325,35,
Theater Phantasm,36,260,32,
Theletos,25,125,18,
Thessekka,35,255,26,
Thoqqua,17,45,7,
Thorn Guardian,39,330,27,
Thorn River Bandit,14,8,2,
Thrasfyr,40,350,31,
Three-Toed Sloth,14,10,5,
Thresholder Disciple,36,255,26,
Thresholder Hermeticist,39,290,29,
Thresholder Mystic,41,315,31,
Thulgant,42,305,30,
Thunderbird,31,200,22,
Thylacine,16,16,4,
Tick Swarm,28,130,18,
Tidal Master,28,155,18,
Tiddalik,22,155,15,
Tidehawk,32,213,24,
Tiefling Adept,17,29,6,
Tiger,21,60,12,
Tiger Lord,26,160,18,
Tikbalang,27,197,16,
Titan Centipede,28,155,18,
Tixitog,19,40,9,
Tollvych,33,200,26,
Tolokand,36,245,27,
Tomb Giant,32,255,25,
Tombstone Troll,13,25,7,
Tooth Fairy,15,8,6,
Tooth Fairy Swarm,18,28,8,
Tor Linnorm,47,440,37,
Tormented,35,250,27,
Toshigami,35,370,30,
Totenmaske,25,128,15,
Trailgaunt,19,45,10,
Trapdoor Ogre Spider,23,70,13,
Trapjaw Tangle,22,58,11,
Tree That Weeps,41,400,30,
Treerazer,54,550,46,
Triceratops,26,140,16,
Trilobite,15,7,8,
Trilobite Swarm,18,30,9,
Triton,18,30,8,
Triumph Siktempora,35,190,24,
Troll,20,115,11,
Troll Guard,35,340,27,
Troll King,28,220,19,
Trollhound,17,65,6,
Trumpet Archon,36,285,26,
Tulvak,31,220,22,
Tumblak,42,305,33,
Tupilaq,26,87,16,
Twigjack,19,50,9,
Two-Headed Troll,24,190,18,
Tylosaurus,27,137,18,
Tyrannosaurus,29,180,19,
Tyrannosaurus Imperator,35,260,25,
Tyrannosaurus Skeleton,27,140,17,
Tzitzimitl,43,390,32,
Ugvashi,19,40,8,
Ulgrem-Axaan,24,130,18,
Ulgrem-Lurann,18,55,12,
Ulistul,31,165,22,
Ulizmila's Cauldron,17,20,4,
Ulthadar,24,95,20,
Umasi,23,99,12,
Umbo,18,50,8,
Umbraex,45,450,36,
Umonlee,39,320,25,
Undine Hydromancer,16,15,5,
Unicorn,20,45,13,
Unrisen,28,220,21,
Unseen Servant,13,4,0,
Urbel,21,68,8,
Urdefhan Blood Mage,26,140,15,
Urdefhan Death Scout,24,92,15,
Urdefhan Dominator,35,250,26,
Urdefhan High Tormentor,30,195,22,
Urdefhan Hunter,34,190,26,
Urdefhan Lasher,24,120,16,
Urdefhan Tormentor,21,77,13,
Urdefhan Warrior,18,55,9,
Urglid (Grave Demon),31,290,20,
Urveth,40,460,32,
Uthul,36,250,20,
Vaklish,33,185,22,
Valkyrie,33,215,22,
Vampire Bat Swarm,15,11,10,
Vampire Count,24,65,17,
Vampire Guardian,29,132,21,
Vampire Mastermind,27,115,20,
Vampire Spawn,22,40,12,
Vampire Squid,16,15,7,
Vampire Taviah,33,180,23,
Vampiric Mist,18,35,9,
Vanara Disciple,19,16,6,
Vanth,27,105,15,
Vanyver,34,295,26,
Vargouille,18,28,8,
Vaspercham,41,335,30,
Vaultbreaker Ooze,13,150,10,
Vavakia,42,350,32,
Vazgorlu,45,380,33,
Veiled Master,34,270,25,
Velociraptor,16,20,6,
Venexus,28,170,20,
Venexus's Wyrmlings,22,90,12,
Veranallia,45,475,38,
Verdurous Ooze,12,157,8,
Vermlek,16,55,8,
Veshumirix,39,300,28,
Vetalarana Emergent,26,100,14,
Vetalarana Manipulator,28,140,22,
Vexgit,16,24,6,
Vicious Army Ant Swarm,32,155,23,
Viewslog,28,161,18,
Vilderavn,40,300,28,
Vilderavn Herald,44,375,35,
Vine Lasher,16,15,4,
Vine Leshy,15,13,6,
Violet,16,24,6,
Violet Fungus,17,60,8,
Viper,15,8,5,
Viper Swarm,18,50,12,
Viper Vine,33,270,22,
Virthad,26,135,18,
Virulak Necromancer,24,115,13,
Virulak Villager,19,45,8,
Vishkanya Infiltrator,19,45,10,
Viskithrel,37,275,27,
Vitalia,39,425,30,
Void Zombie,13,26,3,
Voidglutton,30,90,18,
Voidworm,17,16,4,
Vordakai,33,200,23,
Vrock,28,185,18,
Vrolikai,44,375,33,
Vrykolakas Ancient,34,250,23,
Vrykolakas Master,30,190,19,
Vrykolakas Spawn,24,99,14,
Vulpinal,24,105,15,
Vulture Rat,15,8,5,
Waldgeist,26,100,18,
War Champion Kharostan,38,280,29,
War Horse,17,36,6,
War Pony,16,20,5,
War Sauropelta,34,220,23,
Warg,17,36,8,
Warsworn,37,350,27,
Wasp Swarm,18,45,10,
Watchtower Poltergeist,36,190,24,
Watchtower Shadow,36,190,25,
Watchtower Wraith,39,285,28,
Water Mephit,16,20,3,
Water Orm,30,170,21,
Water Wisp,14,20,6,
Water Yai,40,295,32,
Wayang Whisperblade,16,19,9,
Weasel,15,7,4,
Web Lurker,19,45,10,
Weeping Jack,33,210,23,
Wemmuth,37,335,25,
Wendigo,40,315,32,
Wereant Disciple,39,305,28,
Wereant Poisoner,40,350,29,
Wereant Sentinel,43,400,32,
Werebat,18,35,9,
Werebear,23,75,11,
Wereboar,18,45,8,
Werecrocodile,16,55,7,
Werendegar,47,374,35,
Wererat,19,45,8,
Weretiger,21,75,11,
Werewolf,19,63,9,
Weykoward,29,145,18,
Whalesteed,15,16,7,
Wheel Archon,41,230,28,
Whimwyrm,42,280,31,
Wight,18,50,10,
Wight Commander,32,220,22,
Wight Cultist,32,235,22,
Wihsaak,24,105,14,
Wild Hunt Archer,39,340,30,
Wild Hunt Horse,37,320,29,
Wild Hunt Hound,36,300,29,
Wild Hunt Monarch,46,450,35,
Wild Hunt Scout,42,380,34,
Will-o�-Wisp,27,50,16,
Windchaser,27,138,16,
Winged Owlbear,41,380,32,
Winter Hag,24,145,16,
Winter Wolf,23,70,14,
Witchfire,28,125,18,
Witchwyrd,22,110,12,
Withered,22,80,11,
Wizard Sponge,20,65,10,
Wolf,15,24,7,
Wolf Skeleton,16,12,8,
Wolliped,19,55,9,
Wolverine,18,34,8,
Wood Giant,24,120,15,
Wood Golem,23,95,12,
Woolly Rhinoceros,25,100,11,
Worm That Walks Cultist,36,200,25,
Wraith,24,80,14,
Wyrmwraith,39,280,29,
Wyrwood Sneak,17,16,6,
Wyvern,24,95,13,
Xae,28,150,19,
Xevalorg,34,235,26,
Xill,24,100,15,
Xilvirek,34,215,23,
Ximtal,39,380,30,
Xiuh Couatl,33,220,23,
Xorn,25,115,15,
Xotani,48,385,39,
Xotanispawn,40,340,29,
Xulgath Bilebearer,18,30,6,
Xulgath Bomber,25,115,15,
Xulgath Deepmouth,33,215,26,
Xulgath Demon-Caller,22,80,11,
Xulgath Gutrager,28,190,19,
Xulgath Hardscale,32,215,21,
Xulgath Herd-Tender,27,135,17,
Xulgath Leader,20,44,9,
Xulgath Mage,23,115,12,
Xulgath Roughrider,31,195,21,
Xulgath Skirmisher,24,95,15,
Xulgath Skulker,19,28,7,
Xulgath Spinesnapper,21,95,11,
Xulgath Stoneliege,26,135,14,
Xulgath Thoughtmaw,36,280,30,
Xulgath Warrior,16,21,6,
Yaganty,29,200,20,
Yamaraj,45,375,37,
Yeast Ooze,12,60,6,
Yellow Musk Brute,15,45,4,
Yellow Musk Creeper,18,34,4,
Yellow Musk Thrall,14,12,0,
Yeth Hound,18,55,9,
Yeti,21,115,15,
Yithian,27,112,21,
Young Black Dragon,25,125,15,
Young Blue Dragon,28,170,18,
Young Brass Dragon,25,125,15,
Young Brine Dragon,27,142,16,
Young Bronze Dragon,28,170,18,
Young Cloud Dragon,30,175,22,
Young Copper Dragon,27,150,16,
Young Crystal Dragon,27,105,15,
Young Forest Dragon,30,195,18,
Young Gold Dragon,32,230,21,
Young Green Dragon,28,135,16,
Young Linnorm,25,115,15,
Young Magma Dragon,28,175,18,
Young Red Dragon,30,210,20,
Young Sea Dragon,27,140,15,
Young Silver Dragon,31,200,20,
Young Sky Dragon,28,155,19,
Young Sovereign Dragon,31,195,22,
Young Umbral Dragon,31,195,22,
Young Underworld Dragon,25,115,13,
Young White Dragon,23,115,13,
Yshula,26,109,17,
Yulthruk,30,195,21,
Yurgak,36,240,29,
Yzobu,16,25,6,
Zaramuun,39,291,30,
Zashathal Head-Taker,36,250,27,
Zealborn,33,210,23,
Zebub,20,30,12,
Zelekhut,28,160,21,
Zephyr Hawk,21,36,7,
Zetogeki,22,90,15,
Zinba,28,220,20,
Zinogyvaz,39,240,28,
Zombie Brute,15,70,4,
Zombie Chuul,22,200,11,
Zombie Dragon,27,210,16,
Zombie Horse,13,50,3,
Zombie Hound,13,18,1,
Zombie Hulk,21,160,8,
Zombie Lord,20,80,13,
Zombie Mammoth,27,290,17,
Zombie Mammoths,18,200,13,
Zombie Owlbear,16,85,8,
Zombie Shambler,12,20,0,
Zombie Snake,13,35,2,
Zomok,39,310,28,
Zrukbat,18,30,7,
Zuipnyrn,20,35,9,
Zuishin,30,200,21,
Zyss Serpentfolk,18,25,8,
